Symbol,Name,Sector,Price/Earnings,Earnings/Share,profitMargin,debtToEquityRatio,returnOnAssets,quickRatio
MMM,3M Company,Industrials,24.31,7.92,-0.21403873810470916,9.509465363012273,-0.14417478229504818,0.7018369614957182
AOS,A.O. Smith Corp,Industrials,27.76,1.7,0.14446636212624583,0.7425178919973975,0.17005285509150347,1.0149158997143763
ABT,Abbott Laboratories,Health Care,22.51,0.26,0.14268618015906653,0.8907856902313291,0.07752011486468181,1.0002167473448451
ABBV,AbbVie Inc.,Health Care,19.41,3.29,0.0895283331492323,11.999420849420849,0.035559162900890624,0.6334663460267963
ACN,Accenture plc,Information Technology,25.47,5.44,0.10718093853162163,0.9647323131554283,0.13951168472996217,1.096134063351968
AYI,Acuity Brands Inc,Industrials,18.22,7.43,0.08754617681291432,0.6912275478813139,0.10045436729716782,1.6009405441719853
ADBE,Adobe Systems Inc,Information Technology,52.31,3.39,0.2796640733680251,0.8028211647899262,0.1906434391683057,1.2199733365652647
AAP,Advance Auto Parts,Consumer Discretionary,19.54,6.19,0.0026343050391460297,3.8720838122210015,0.0024510800970688716,0.2487601756413916
AMD,Advanced Micro Devices Inc,Information Technology,187.0,0.03,0.037654320987654324,0.21457453660631218,0.012608422839847932,1.6667663327851696
AES,AES Corp,Utilities,9.96,-1.72,0.019655825702557625,15.60048231511254,0.005988311969409105,0.33305929503648135
AMG,Affiliated Managers Group Inc,Financials,12.24,12.07,0.32699970842647486,1.1416427436662113,0.07501421357145246,2.6141607000795544
A,Agilent Technologies Inc,Health Care,27.45,2.1,0.18147226693985072,0.8414029084687767,0.11645926273773186,1.7972551466001248
APD,Air Products & Chemicals Inc,Materials,24.22,13.66,0.18255555555555555,1.1417811903946788,0.07771589202484665,0.9368037373581806
AKAM,Akamai Technologies Inc,Information Technology,32.55,1.79,0.14366224894541332,1.1535138580274105,0.060167648559994465,1.6513770905150245
ALK,Alaska Air Group Inc,Industrials,9.66,8.28,0.006012855069458843,2.7175052410901466,0.00412268543199346,0.6038281771644781
ALB,Albemarle Corp,Materials,26.03,5.66,0.16361056327915716,0.91429966277738,0.09330612757534919,0.5906705365764331
ARE,Alexandria Real Estate Equities Inc,Real Estate,19.03,1.57,0.035914695191702255,0.7659723325668237,0.0028671218003629333,0.31303193230445403
ALGN,Align Technology,Health Care,56.59,2.84,0.11523123766913672,0.6757734288686731,0.07397930687815912,0.9078467113549672
ALLE,Allegion,Industrials,21.07,2.37,0.14802235126547605,2.270499886217098,0.1301745215411854,0.8158747800314903
LNT,Alliant Energy Corp,Utilities,19.86,1.65,0.1745716414204122,2.1336874723328907,0.03396135265700483,0.0759548611111111
GOOGL,Alphabet Inc Class A,Information Technology,31.48,22.27,0.24006649446638517,0.41997819175027085,0.1922605958919099,1.941965922702716
GOOG,Alphabet Inc Class C,Information Technology,40.29,22.27,0.24006649446638517,0.41997819175027085,0.1922605958919099,1.941965922702716
MO,Altria Group Inc,Consumer Staples,18.89,5.31,0.3965466783728417,-11.88135593220339,0.21529580001059265,0.32564714197367256
AMZN,Amazon.com Inc,Consumer Discretionary,296.16,6.16,0.05293283575597832,1.6147566563467493,0.06143182077455582,0.8430483212767634
AEE,Ameren Corp,Utilities,20.38,2.68,0.1536,2.5863071636267514,0.02926308837351081,0.15515695067264573
AAL,American Airlines Group,Industrials,9.92,3.91,0.015571720845646737,-13.121876201460976,0.01286646735642619,0.4353186474481008
AEP,American Electric Power,Utilities,17.32,1.24,0.11632415460718669,2.8280171269908543,0.023232483180096724,0.13590766255740874
AMT,American Tower Corp A,Real Estate,20.68,1.97,0.13310062633477504,13.139488352150922,0.022268077143356844,0.36458692563419914
AWK,American Water Works Company Inc,Utilities,26.23,2.63,0.22295701464336326,2.0925793610288865,0.03250408883532754,0.3110181311018131
AME,AMETEK Inc,Industrials,27.61,2.94,0.19905986857562966,0.7208710553984443,0.09566232725651276,0.49356460356771537
AMGN,Amgen Inc,Health Care,13.76,2.57,0.23827598439162823,14.589537869062902,0.08278539516253274,0.9902131361461505
APH,Amphenol Corp,Information Technology,25.9,2.05,0.1535679864911149,0.9704546816030671,0.1210576216698166,1.3571224664573223
ADI,"Analog Devices, Inc.",Information Technology,17.67,2.11,0.2693566693827877,0.3719755551520391,0.06689576380789908,0.7584557935701386
ANSS,ANSYS,Information Technology,42.53,2.99,0.22045076783663423,0.35851215242606993,0.07143222166868178,1.9396465061048427
AON,Aon plc,Financials,20.8,4.66,0.1916866028708134,-42.01089588377724,0.0769242308326958,0.203270056810309
APA,Apache Corporation,Energy,-251.53,-3.72,0.34484841164391833,4.351412429378531,0.20112007326265366,0.7059068219633944
AIV,Apartment Investment & Management,Real Estate,15.6,1.95,-0.8887724270702425,4.28387368011623,-0.07783083702008431,1.4136477115117891
AAPL,Apple Inc.,Information Technology,16.86,9.2,0.2530623426432028,4.673462491552152,0.27503126160790997,0.6266895146860462
AMAT,Applied Materials Inc,Information Technology,14.08,3.17,0.2585511181506204,0.8795644993577589,0.2386563397441476,1.6323928377645143
APTV,Aptiv Plc,Consumer Discretionary,69.74,5.05,0.1465263577876415,1.0896259092483547,0.12688130249832652,1.0786189683860232
ADM,Archer-Daniels-Midland Co,Consumer Staples,17.45,2.17,0.03707883110661628,1.2500414387535224,0.06088894716140029,0.35644625442074807
AJG,Arthur J. Gallagher & Co.,Financials,21.05,2.54,0.0962579056583167,3.7864839030003803,0.02155062228950077,0.15316742154278007
T,AT&T Inc,Telecommunication Services,12.14,4.76,0.11762015225275264,2.784640405820111,0.03555937489582214,0.332720480372406
ADSK,Autodesk Inc,Information Technology,-77.07,-2.61,0.16443556443556442,7.242794759825328,0.09121640343585481,0.75825
ADP,Automatic Data Processing,Information Technology,29.34,3.85,0.19838593390236528,13.525376877261976,0.0598390728802026,0.11908781413967583
AZO,AutoZone Inc,Consumer Discretionary,16.31,44.09,0.14483563781587308,-4.675004034581073,0.1617627324543637,0.09368567795319846
AVB,"AvalonBay Communities, Inc.",Real Estate,17.97,6.36,0.33556919681969316,0.7547518547740812,0.04515876588615445,0.5728712238357276
AVY,Avery Dennison Corp,Materials,22.11,3.11,0.06013653264469233,2.858170026786973,0.06225131959183926,0.6037784774958326
BAX,Baxter International Inc.,Health Care,25.12,1.29,0.1793019644906501,2.3575339204951202,0.09391298198468964,0.9048131631554667
BDX,Becton Dickinson,Health Care,22.28,4.65,0.07660540986991535,1.0459743381013296,0.02807575155608529,0.5959945791296491
BBY,Best Buy Co. Inc.,Consumer Discretionary,19.22,3.81,0.028560250391236306,3.902391090730429,0.08066298342541436,0.3016816285244658
BIIB,Biogen Inc.,Health Care,14.3,11.94,0.11805075440237504,0.8139113747854643,0.04517995521304931,0.9171883644410797
BLK,BlackRock,Financials,22.49,30.3,0.30807995968419283,2.0832846214450913,0.04569027441568849,11.712096774193549
HRB,Block H&R,Financials,12.29,1.92,0.15946730948955773,94.81642964071857,0.17462976723179807,1.0567320208525515
BA,Boeing Company,Industrials,27.29,13.47,-0.028562614083348332,-8.950269831137932,-0.016212351155731962,0.19491375082179344
BWA,BorgWarner,Consumer Discretionary,14.15,0.55,0.044020284547119315,1.4390871654083734,0.039749419658472986,1.0759224847358642
BXP,Boston Properties,Real Estate,18.05,2.93,0.0581063053810688,3.03466130719348,0.007573185060311362,2.167070018042713
BSX,Boston Scientific,Health Care,20.0,0.07,0.11186797752808988,0.8093978528084643,0.047126691812735745,0.6270018244475978
BMY,Bristol-Myers Squibb,Health Care,20.83,2.65,0.17830955872550328,2.231532449881074,0.08360289406653852,0.950588446680442
AVGO,Broadcom,Information Technology,15.94,4.01,0.39314330383316115,2.037393696848424,0.19275888029566765,2.3420661715057394
CHRW,C. H. Robinson Worldwide,Industrials,26.0,3.57,0.01847697287457471,2.683154331051662,0.0581634233894498,1.2317230127003358
CDNS,Cadence Design Systems,Information Technology,34.09,0.74,0.25455930655997355,0.6654053099767909,0.19268736902633787,0.9041139202711478
CPB,Campbell Soup,Consumer Staples,14.84,2.89,0.09169605642834242,2.2930893198579625,0.07164926931106472,0.3073807380738074
CAH,Cardinal Health Inc.,Health Care,12.29,4.04,0.0012730962090023998,-16.223001402524545,0.005979723924623403,0.45650626001305405
KMX,Carmax Inc,Consumer Discretionary,19.44,3.97,0.018058610101582603,3.477767734542473,0.01795459694261469,0.3439427338018734
CCL,Carnival Corp.,Consumer Discretionary,17.48,3.58,-0.003427036539619321,6.136423071335174,-0.001467919026412624,0.2587753679993032
CAT,Caterpillar Inc.,Industrials,21.22,1.26,0.1541157172681181,3.4868677541807735,0.12200520602765924,0.7428587882976273
CBOE,CBOE Holdings,Financials,35.06,2.27,0.20177553994964886,0.8789209535759097,0.10511928429423459,0.6780396125487929
CNC,Centene Corporation,Health Care,19.12,3.23,0.017545568477717387,2.27109133126935,0.03345902136696572,0.9582743218215491
CNP,CenterPoint Energy,Utilities,19.73,1.0,0.10545078196872125,3.1083066101168924,0.023434405387102134,0.3470496894409938
CF,CF Industries Holdings Inc,Materials,-59.46,-1.2,0.22998039511385915,1.0500262375371698,0.11015204593882047,3.11375
CHTR,Charter Communications,Consumer Discretionary,162.92,34.08,0.08345083963594412,11.949756449576041,0.031242715517832413,0.2780384440744665
CHK,Chesapeake Energy,Energy,4.7,-6.44,0.31112540192926047,0.33991984341504333,0.16210963677791182,1.13013698630137
CVX,Chevron Corp.,Energy,27.52,4.85,0.10852000629719724,0.6194387320837242,0.08229275177580819,0.8724657449314899
CMG,Chipotle Mexican Grill,Consumer Discretionary,45.86,0.8,0.12447130160320732,1.6269817814406407,0.16413945997112184,1.3690546998180715
CHD,Church & Dwight,Consumer Staples,24.42,2.92,0.1287683839192897,1.2226487523992322,0.08934187811857072,0.6127988748241913
CTAS,Cintas Corporation,Industrials,32.75,4.38,0.15290895212885003,1.2117978688328581,0.1615000995590409,1.0382744934808164
CSCO,Cisco Systems,Information Technology,17.87,1.91,0.2212884662619741,1.2963948323675962,0.12880002450805192,1.0220703312146666
CME,CME Group Inc.,Financials,32.15,11.94,0.5782860420513004,3.8510204615919723,0.021233255825126744,0.03810124292285443
CMS,CMS Energy,Utilities,21.42,1.99,0.11886893594210668,3.3658536585365852,0.02734700169569909,0.4006908462867012
KO,Coca-Cola Company (The),Consumer Staples,22.8,1.49,0.23416531887922368,2.707027485447747,0.11250301891151177,0.7243222604047347
CTSH,Cognizant Technology Solutions,Information Technology,22.44,2.54,0.10985376944143027,0.3973690179178952,0.11702215494702078,1.9453945394539454
CL,Colgate-Palmolive,Consumer Staples,24.02,2.28,0.1182093847972452,25.346469622331693,0.14319511891420744,0.5382830626450116
CMCSA,Comcast Corp.,Consumer Discretionary,18.54,4.74,0.126575198236436,2.1927136863233496,0.05894814264316607,0.4982337429722872
CAG,Conagra Brands,Consumer Staples,18.2,1.46,0.05568135537997882,1.5160356194487685,0.03073208999341391,0.23854347287589794
COP,ConocoPhillips,Energy,72.93,-0.65,0.19516930585490105,0.946549240041397,0.11548697517298805,1.2073963018490754
ED,Consolidated Edison,Utilities,18.64,4.1,0.17179294823705926,2.135031666509122,0.03720937103016337,0.5581863200247601
STZ,Constellation Brands,Consumer Staples,30.92,8.71,0.1734023971571403,1.6039145651794604,0.06861023950430949,0.31358818474074546
GLW,Corning Inc.,Information Technology,16.45,-0.78,0.046155068319034,1.4398753354687905,0.020034828186692874,0.7758740449178051
COST,Costco Wholesale Corp.,Consumer Staples,30.69,6.09,0.025968880267448098,1.7533721765504031,0.09450285370982277,0.5216627460322186
COTY,"Coty, Inc",Consumer Staples,24.64,-0.63,0.09149997299292414,2.131857847476919,0.041020756567397294,0.22208418591055246
CCI,Crown Castle International Corp.,Real Estate,21.45,1.02,0.21515542185933248,5.037768374862874,0.03878731535998347,0.2715667311411992
CSX,CSX Corp.,Industrials,21.94,6.07,0.25346250938118303,2.4962895778364116,0.08811669829222012,0.7645781637717122
CMI,Cummins Inc.,Industrials,16.83,8.23,0.02157639806252752,2.4972881355932204,0.023593990755007704,0.6451212896225684
CVS,CVS Health,Consumer Staples,12.36,4.91,0.023321855015428647,2.2637946142477863,0.03491191477877754,0.29502834989708165
DHI,D. R. Horton,Consumer Discretionary,16.32,2.73,0.1338309776539464,0.41612692873696916,0.15081633788046112,1.4921992372587543
DHR,Danaher Corp.,Health Care,22.87,3.53,0.19941398074508163,0.5795535280260256,0.05643279356542958,1.1827411167512691
DRI,Darden Restaurants,Consumer Discretionary,22.72,3.81,0.09362306680142642,3.652055416761299,0.09637194328983723,0.21095282337152885
DVA,DaVita Inc.,Health Care,20.55,4.3,0.05696265457082192,13.398606378012627,0.0408928198148947,0.9002030115653009
DE,Deere & Co.,Industrials,23.14,6.64,0.16873589164785552,3.7732843699793435,0.10474095519712338,0.39311805961426066
DAL,Delta Air Lines Inc.,Industrials,10.37,4.94,0.07939980705622933,5.631607384061233,0.06316640627141408,0.26489514724808844
XRAY,Dentsply Sirona,Health Care,22.65,1.99,-0.03329129886506936,1.2377771029456424,-0.017584759874775195,0.7221052631578947
DVN,Devon Energy Corp.,Energy,23.93,-6.89,0.24557609123082974,1.0175773153138215,0.15544170417539566,0.8301119023397762
DLR,Digital Realty Trust Inc,Real Estate,16.55,2.19,0.17323853066452977,1.2092007787196821,0.02216956382849669,0.5357956245230115
DG,Dollar General,Consumer Discretionary,21.18,4.43,0.042936286262998266,3.56290532142047,0.0554877391152999,0.07988505584771015
DLTR,Dollar Tree,Consumer Discretionary,26.66,3.77,-0.032623399708532924,2.0115135852101025,-0.044328413873941076,0.14582579257776737
D,Dominion Energy,Utilities,20.42,4.91,0.13853956784548044,2.9606233426568345,0.018650591365917308,0.09948521000163425
DOV,Dover Corp.,Industrials,23.87,5.15,0.12524427794107085,1.2223205045230638,0.0950169907600043,0.7322884381215408
DTE,DTE Energy Co.,Utilities,19.12,4.82,0.10961161239701844,3.0497737556561084,0.031954070312678697,0.3081761006289308
DUK,Duke Energy,Utilities,16.7,3.12,0.0977632484514797,2.5799397295976543,0.01600658067096927,0.2536596655673205
DXC,DXC Technology,Information Technology,79.93,-0.89,-0.03936243936243936,3.4386617100371746,-0.03156958648288128,0.6531713900134952
EMN,Eastman Chemical,Materials,12.28,10.12,0.09706840390879479,1.6678270428728472,0.06102389078498294,0.5333850931677019
ETN,Eaton Corporation,Industrials,17.08,6.68,0.13873081565787204,1.017177978566926,0.08762900634479753,0.9144184845746741
EBAY,eBay Inc.,Information Technology,24.86,-1.07,0.27363528481012656,2.3802376485303314,0.13030374381916648,2.0152654867256636
ECL,Ecolab Inc.,Materials,28.08,4.14,0.08957454863513531,1.712232898678633,0.06336972909821777,0.8637535091352571
EIX,Edison Int'l,Utilities,13.23,3.96,0.08611825192802057,4.11676666021547,0.017609622087747735,0.2745987438939288
EW,Edwards Lifesciences,Health Care,32.57,2.88,0.2335464961364242,0.39756390977443606,0.1588608777901754,2.024092354023758
EA,Electronic Arts,Information Technology,34.48,3.07,0.10799892270401293,0.8454682572329631,0.05884295095197916,1.0505327245053273
EMR,Emerson Electric Company,Industrials,25.74,2.35,0.8716782063963073,0.7805113828604573,0.33714198270805174,2.1003577106518283
ETR,Entergy Corp.,Utilities,10.65,-3.26,0.19447022954354393,3.0673606752843754,0.03993809325888229,0.12601500947706962
EOG,EOG Resources,Energy,246.44,-1.98,0.32758174445690624,0.5613029547881808,0.17820434598958088,1.9621993127147765
EQT,EQT Corporation,Energy,53.16,-2.69,0.3422560474573677,0.7110362683778735,0.07236914322053097,0.4441546709609002
EFX,Equifax Inc.,Industrials,19.03,4.04,0.10356681607536276,1.6745329833925144,0.04576987481062116,0.5572065378900446
EQIX,Equinix,Real Estate,23.06,1.77,0.11836369107694351,1.612410594565059,0.030786386073030764,0.9801577990354968
EQR,Equity Residential,Real Estate,17.6,1.63,0.2906918806220259,0.7627926393950908,0.04150953277168664,0.0605158209581781
ESS,"Essex Property Trust, Inc.",Real Estate,18.66,6.27,0.24309705012893892,1.2420356771274186,0.032814712764428,1.3859392496208416
EL,Estee Lauder Cos.,Consumer Staples,37.78,3.35,0.06323067253299812,3.043509400179051,0.04539199097574732,0.8783653846153846
ES,Eversource Energy,Utilities,18.22,2.96,-0.03712962414903232,2.9125933794331154,-0.008126189297451852,0.23423923782094072
EXC,Exelon Corp.,Utilities,14.51,1.23,0.10714778846596401,2.9427683944865075,0.023647121562253993,0.2905849233656553
EXPE,Expedia Inc.,Consumer Discretionary,30.99,1.81,0.062076485707609624,12.292046936114733,0.036895585954679073,0.597386064669439
EXPD,Expeditors International,Industrials,25.26,2.36,0.08095420376748232,0.8920852594808292,0.14887579821841337,1.7868226696362146
EXR,Extra Space Storage,Real Estate,18.12,2.92,0.3137193173775625,0.8367993264642339,0.04054127174328912,0.21495107977568692
XOM,Exxon Mobil Corp.,Energy,21.37,1.88,0.10758984992396108,0.7996943389224714,0.09662133879986691,0.9467052483311899
FFIV,F5 Networks,Information Technology,21.21,6.51,0.14039256084508253,0.874249347911173,0.07505287411016191,0.8542716126837595
FAST,Fastenal Co,Industrials,27.02,2.01,0.15721344277022337,0.3326863354037267,0.25633912223270267,1.9792832300015122
FRT,Federal Realty Investment Trust,Real Estate,18.35,3.5,0.20932223001464464,1.7583850766101943,0.028431655601513645,1.5195178457509317
FDX,FedEx Corporation,Industrials,19.45,11.07,0.044057456602517885,2.340348052744557,0.045882740257714986,1.2545267186809952
FIS,Fidelity National Information Services,Information Technology,22.08,1.72,-0.677527746665309,1.8858220290158696,-0.11241478928562378,0.11846271427011683
FE,FirstEnergy Corp,Utilities,11.18,-14.49,0.08562548562548562,3.626616843920667,0.02323056653491436,0.15855922762718158
FLS,Flowserve Corporation,Industrials,26.17,1.12,0.04322177338813774,1.6185465626775477,0.03772832426523228,0.9825605320817252
FLR,Fluor Corp.,Industrials,19.9,1.99,0.00898280987462841,2.5365979381443298,0.020144927536231885,1.1776794182737906
FMC,FMC Corporation,Materials,32.48,1.56,0.29453062316127304,1.6987009453852955,0.11442796839484792,0.8880222182828104
FL,Foot Locker Inc,Consumer Discretionary,9.5,4.91,-0.04040156709108717,1.3764705882352941,-0.04467005076142132,0.35398915569326106
F,Ford Motor,Consumer Discretionary,5.89,1.9,0.024672088812708937,5.389194117784584,0.016428757695665482,1.0065595729383143
FTV,Fortive Corp,Industrials,25.05,2.46,0.14274644287998944,0.6382947794823092,0.05278882033021974,1.5907999776698487
BEN,Franklin Resources,Financials,12.67,3.0,0.11246719494483655,1.3885574268475862,0.03034625948320609,4.127763422337066
FCX,Freeport-McMoRan Inc.,Materials,14.67,1.24,0.08085758039816232,1.5093751872042174,0.03567602003880346,1.0261392949269132
GPS,Gap Inc.,Consumer Discretionary,15.35,1.69,0.03371616629726644,3.2558766859344894,0.04476148016049933,0.6983204134366925
GRMN,Garmin Ltd.,Consumer Discretionary,21.23,2.69,0.24666676357604797,0.22696739617173842,0.15790102308950268,2.1235527627877593
IT,Gartner Inc,Information Technology,36.86,2.31,0.1493943750385139,10.512676416400003,0.1166075733095132,0.7730132918832766
GD,General Dynamics,Industrials,20.71,9.55,0.07842070401211204,1.5733602516550074,0.0623149584096997,0.2992332035053554
GE,General Electric,Industrials,13.76,-0.72,0.1395208523412897,4.911425231938052,0.05388523882056062,0.749646198600519
GIS,General Mills,Consumer Staples,17.53,2.77,0.12908700022892178,1.9858846271627622,0.08294932349244825,0.31661292248895256
GM,General Motors,Consumer Discretionary,6.58,6.0,0.05893204222483444,3.1850947329122983,0.037709853454005855,0.8250304409974059
GPC,Genuine Parts,Consumer Discretionary,21.17,4.6,0.05701555740623569,3.079146621247171,0.07640032378290598,0.4248615932140462
GILD,Gilead Sciences,Health Care,8.16,9.95,0.20891724443133206,1.7245215258616915,0.09042587153620227,1.0570921985815602
GPN,Global Payments Inc.,Information Technology,27.86,1.58,0.10215353197328601,1.1645039547010527,0.020680253136952292,0.39491410555286793
GT,Goodyear Tire & Rubber,Consumer Discretionary,9.92,4.74,-0.03433668892654241,3.5871893744644385,-0.031308931452070976,0.5083251714005876
GWW,Grainger (W.W.) Inc.,Industrials,22.57,10.02,0.11099648015535866,1.5107544141252007,0.2324753733714649,1.557618787547788
HAL,Halliburton Co.,Energy,38.86,-0.53,0.114605960552611,1.623895218826536,0.1100588259835621,1.2703281027104136
HBI,Hanesbrands Inc,Consumer Discretionary,10.04,1.41,-0.0031448465658704843,12.450038511707321,-0.0029192560393076854,0.5488620477387658
HOG,Harley-Davidson,Consumer Discretionary,13.7,2.98,0.12106376482529362,2.7324880533987863,0.059796479757356545,1.1567463413019787
HAS,Hasbro Inc.,Consumer Discretionary,20.57,4.34,-0.29766354206223894,5.135982672568039,-0.1880809254394827,0.7654639175257731
HCA,HCA Holdings,Health Care,14.07,5.94,0.0806858761236301,-31.088500563697856,0.09649421531721415,0.8607664954563413
HCP,HCP Inc.,Real Estate,10.99,1.33,-0.32696947715545405,0.3948530618066221,-0.11485031263863636,3.3152226195229972
HP,Helmerich & Payne,Energy,-54.51,-1.2,0.15112687172249473,0.5808247139281002,0.09936495470608425,1.7994968145112202
HSIC,Henry Schein,Health Care,19.85,3.1,0.0337142394035173,1.4829001367989056,0.04337851929092805,0.7581065970928066
HES,Hess Corporation,Energy,-9.33,-19.94,0.13148130529921034,1.6030491876251947,0.06047875366504748,0.9229357798165138
HPE,Hewlett Packard Enterprise,Information Technology,11.57,0.21,0.06950403295006007,1.6955433858936833,0.035440512443557705,0.3438442555525089
HLT,Hilton Worldwide Holdings Inc,Consumer Discretionary,36.42,1.05,0.11148021494870543,-7.520338983050848,0.073820075696309,0.6144545943041375
HOLX,Hologic,Health Care,19.21,2.64,0.11314013497419612,0.8217026450596983,0.050080997226874605,2.7732129545266297
HD,Home Depot,Consumer Discretionary,28.1,6.46,0.09918844035134834,71.67624521072797,0.1988327129248485,0.29584374290256643
HON,Honeywell Int'l Inc.,Industrials,20.68,2.08,0.15432873274780426,2.843340060544904,0.09140549273021002,0.8428178434651276
HRL,Hormel Foods Corp.,Consumer Staples,20.39,1.57,0.06553025142010617,0.7381864113041112,0.05931986581845335,0.6793854594908849
HST,Host Hotels & Resorts,Real Estate,11.23,1.02,0.13933345885897194,0.8166742047339062,0.060378590078328985,0.783025325119781
HPQ,HP Inc.,Information Technology,12.07,1.49,0.060743140102014224,-35.6155285313377,0.08643937587750669,0.2999019928128063
HII,Huntington Ingalls Industries,Industrials,18.75,12.15,0.059455212152959666,1.7400439775225995,0.06170714026821312,0.2938654353562005
IDXX,IDEXX Laboratories,Health Care,53.57,2.94,0.23082568937650935,1.1959306986049456,0.28136694252575045,0.957784534027221
ITW,Illinois Tool Works,Industrials,23.62,4.86,0.18358477680511578,4.151726427622842,0.19114414996767937,0.8958288770053476
ILMN,Illumina Inc,Health Care,52.25,4.92,-0.2577708703374778,0.7599651871192341,-0.10383222286813039,1.1388535031847133
INCY,Incyte,Health Care,-119.89,0.54,0.16170339769821215,0.3068053967783574,0.09468346540478874,3.546980398732968
IR,Ingersoll-Rand PLC,Industrials,19.38,5.07,0.11324733497185904,0.5843128436803696,0.051349515651480084,1.5485689268319378
INTC,Intel Corp.,Information Technology,12.32,1.98,0.031146271298959947,0.7728667487451463,0.009039941125309427,1.013652728763412
ICE,Intercontinental Exchange,Financials,22.95,2.37,0.23911945874987378,4.2889139479721585,0.014333186046933922,0.029482664902039563
IBM,International Business Machines,Information Technology,10.67,6.11,0.12127384416424183,4.998357963875205,0.057161579372456986,0.6053279409178829
IP,International Paper,Materials,15.57,5.14,0.015225206174666949,1.7840813883901856,0.012203131289591322,1.0538014650164182
IPG,Interpublic Group,Consumer Discretionary,15.46,1.49,0.10086966104340958,3.860701060214072,0.057690590614249325,1.005149599744456
IFF,Intl Flavors & Fragrances,Materials,24.17,5.05,-0.22345152016726197,1.1180617343097665,-0.07714285714285714,0.6463544438531134
INTU,Intuit Inc.,Information Technology,40.52,3.72,0.16592427616926503,0.6086629219989577,0.0858882444068163,1.0730870712401055
ISRG,Intuitive Surgical Inc.,Health Care,48.58,5.67,0.25238275712019764,0.15361147013736512,0.1265506501733209,3.8303490685476578
IVZ,Invesco Ltd.,Financials,11.87,2.74,-0.01695122804562312,0.8917767304214391,-0.0033020619997069377,2.2981029810298104
IQV,IQVIA Holdings Inc.,Health Care,21.74,0.76,0.09063000533902829,3.3653468586387434,0.05221269560536737,0.45740255738715146
IRM,Iron Mountain Incorporated,Real Estate,15.42,0.46,0.03361757016828857,80.71931697913517,0.010961639082586122,0.6630099973705252
JBHT,J. B. Hunt Transport Services,Industrials,30.62,6.19,0.05676586255369879,1.0805953957323995,0.08922438575515769,0.7801728764581288
SJM,JM Smucker,Consumer Staples,15.35,5.1,-0.010704403695540028,1.0562078235584573,-0.005881519274376417,0.8764282478481905
JNJ,Johnson & Johnson,Health Care,17.31,0.39,0.41279254101151963,1.4363567627301015,0.19808078076047514,0.8167322069054924
JNPR,Juniper Networks,Information Technology,14.09,0.78,0.05574624853985084,1.1186591581899525,0.03292084987158534,1.0701520912547529
K,Kellogg Co.,Consumer Staples,16.5,1.95,0.07247370827617741,3.8588976377952755,0.05574933317700853,0.2972332015810277
KMB,Kimberly-Clark,Consumer Staples,17.93,6.41,0.0863393862268122,17.787978142076504,0.09990372090389081,0.45541125541125543
KIM,Kimco Realty,Real Estate,9.28,0.8,0.3668683413704161,0.8974141419867692,0.036247667045317046,6.107946466857749
KMI,Kinder Morgan,Energy,25.07,0.01,0.15592800313029867,1.2964759453573549,0.033891337935335726,0.23140839218944745
KLAC,KLA-Tencor Corp.,Information Technology,16.59,5.88,0.3227190289381078,3.819708036946961,0.2540193093632057,1.3349534925599318
KSS,Kohl's Corp.,Consumer Discretionary,16.01,3.12,0.018139162279697873,2.598510146416645,0.022360160823869647,0.07006125574272588
KHC,Kraft Heinz Co,Consumer Staples,20.11,2.81,0.10716966966966968,0.8201146872349877,0.03157277774091522,0.4369789722533284
KR,Kroger Co.,Consumer Staples,13.07,2.05,0.014422916708322502,3.3494619027120103,0.04322467241930329,0.32594345497571303
LH,Laboratory Corp. of America Holding,Health Care,17.79,7.02,0.034370477568740954,1.1218539682539683,0.02266798986990309,0.7596738186779114
LRCX,Lam Research,Information Technology,16.29,9.22,0.25882473298357705,1.287606520301889,0.25076557354607876,1.9589566629501463
LEG,Leggett & Platt,Consumer Discretionary,17.88,2.76,-0.028950542822677925,2.475436885922148,-0.02785980489990428,0.736892127356249
LEN,Lennar Corp.,Consumer Discretionary,15.35,3.38,0.1150488970322112,0.47148321802645715,0.10200938898165439,4.879827215994106
LLY,Lilly (Eli) & Co.,Health Care,17.34,-0.2,0.15356888533323956,4.933447209870125,0.09234502330917098,0.4403367871850864
LKQ,LKQ Corporation,Consumer Discretionary,21.35,1.5,0.06750324534833406,1.4428409275174314,0.0690341851974776,0.4412296564195298
LMT,Lockheed Martin Corp.,Industrials,24.28,6.83,0.1024107975314854,6.67461594732992,0.1313890787574998,0.21101729940367242
LOW,Lowe's Cos.,Consumer Discretionary,23.87,3.46,0.08944510691503525,-3.7770764119601328,0.18071880518812206,0.05915981500513875
LYB,LyondellBasell,Materials,10.35,12.25,0.051426764298051424,1.8516627996906418,0.05762965991958018,0.9434965034965035
MAC,Macerich,Real Estate,14.81,3.43,-0.31000443404805966,2.037544033150526,-0.03511931423889476,0.4852768413970529
M,Macy's Inc.,Consumer Discretionary,7.67,1.98,0.004399564233637811,2.927000241721054,0.006342111621164532,0.299548532731377
MRO,Marathon Oil Corp.,Energy,-32.0,-2.65,0.24254721398470422,0.7469879518072289,0.07865367581930913,0.33324834268230497
MPC,Marathon Petroleum,Energy,16.06,6.85,0.06524508185120535,2.236846418619898,0.11007953789562855,1.0840198511166252
MAR,Marriott Int'l.,Consumer Discretionary,32.73,2.67,0.13001307299793363,-38.645161290322584,0.12212561151934084,0.392939963926823
MMC,Marsh & McLennan,Financials,20.23,2.87,0.16520056298381422,2.9251086867361167,0.08152457023788852,0.462945188178833
MLM,Martin Marietta Materials,Materials,30.38,6.63,0.17247535855515553,0.8825001244833939,0.07762006740043495,1.7249188172961887
MAS,Masco Corp.,Industrials,22.12,1.47,0.11397012677293837,-41.642857142857146,0.17213270142180095,1.017109144542773
MA,Mastercard Inc.,Information Technology,34.99,3.65,0.44605147820543467,5.1163227016885555,0.2758340314394126,0.8140678799803246
MAT,Mattel Inc.,Consumer Discretionary,-14.68,-3.06,0.03939411370871123,1.9945017082997358,0.0339877573862826,1.7454189261664979
MKC,McCormick & Co.,Consumer Staples,23.91,3.73,0.10215844615892648,1.5370996107257888,0.05237963305011698,0.24334441253347963
MCD,McDonald's Corp.,Consumer Discretionary,23.83,6.36,0.3321918748553564,-12.92912231499777,0.15891554327919055,1.0303688584341741
MCK,McKesson Corp.,Health Care,11.68,22.74,0.01286540831408943,-34.36187399030695,0.05667977519145345,0.4553662656129449
MDT,Medtronic plc,Health Care,17.04,2.89,0.12034457360617415,0.7630285725385079,0.04131281983630977,1.5420395536404816
MRK,Merck & Co.,Health Care,13.75,1.4,0.006071695916160692,1.8370985338335861,0.0033822132647624344,0.6788355258036896
MTD,Mettler Toledo,Health Care,35.56,14.24,0.208213743915821,-23.379616908322106,0.23036908855934987,0.6212100429944746
MGM,MGM Resorts International,Consumer Discretionary,29.65,1.92,0.07066087635744785,9.970966133759449,0.02594072723928755,1.2338080937458815
MCHP,Microchip Technology,Information Technology,21.77,0.66,0.26517117565501797,1.5132492016703514,0.13740950205405006,0.49201564804720066
MU,Micron Technology,Information Technology,9.01,4.36,-0.37535392535392537,0.45634632819582954,-0.08936929759378567,2.4432318992654776
MSFT,Microsoft Corp.,Information Technology,25.76,2.97,0.3414623787839464,0.9977209137681055,0.1863015179913905,1.5357228585968181
MAA,Mid-America Apartments,Real Estate,14.38,2.86,0.2573024126959303,0.8482216789204019,0.048650363104838105,0.03892864714612141
MHK,Mohawk Industries,Consumer Discretionary,19.08,12.48,-0.03947116846121482,0.7779978698873459,-0.03175659108620242,0.749816746420913
TAP,Molson Coors Brewing Company,Consumer Staples,17.66,9.27,0.08108800984438691,0.9806001818732949,0.03632611966296221,0.397473488735767
MDLZ,Mondelez International,Consumer Staples,19.85,1.91,0.1376888049755664,1.51860087533531,0.06957461136988607,0.2863304055120181
MNST,Monster Beverage,Consumer Staples,42.17,1.19,0.228428828070258,0.17715680546144102,0.18142623314710588,3.8282569603396435
MSI,Motorola Solutions Inc.,Information Technology,19.03,-1.08,0.17127680897975547,17.39917127071823,0.1307074569789675,0.5953626220362622
NDAQ,"Nasdaq, Inc.",Financials,17.78,4.32,0.1746372031662269,1.9847448224852071,0.03984048756630676,0.1739612188365651
NOV,National Oilwell Varco Inc.,Energy,-77.71,-6.4,0.11569381335197483,0.8190661478599222,0.09267814643707126,1.1174537987679671
NTAP,NetApp,Information Technology,26.1,1.81,0.20025149324111916,7.471095772217429,0.12840153194920378,1.1701759446207096
NFLX,Netflix Inc.,Information Technology,200.08,1.25,0.16036362043723068,1.3669735349370296,0.11113058731226644,0.9508258700965109
NWL,Newell Brands,Consumer Discretionary,9.72,1.17,-0.04770687323250953,2.908419023136247,-0.030521140609636184,0.5270969968933379
NEM,Newmont Mining Corporation,Materials,26.34,-1.18,-0.21114121232644767,0.9060874358356014,-0.05307060475805422,0.6267089029676559
NWSA,News Corp. Class A,Consumer Discretionary,43.47,-1.28,0.015082498228565644,0.9890873015873016,0.008728252592115283,1.0293838862559241
NWS,News Corp. Class B,Consumer Discretionary,44.03,-1.28,0.015082498228565644,0.9890873015873016,0.008728252592115283,1.0293838862559241
NEE,NextEra Energy,Utilities,21.65,11.39,0.26001280500818097,2.5221412319878653,0.04345706608327587,0.2252619532954261
NKE,Nike,Consumer Discretionary,24.9,2.51,0.09899056953745826,1.6800199942873464,0.13024713559060783,1.599611063094209
NI,NiSource Inc.,Utilities,19.57,1.02,0.12974534093798815,2.5322748379607236,0.02471036326966918,0.5901882205466183
JWN,Nordstrom,Consumer Discretionary,15.04,2.02,0.009119989110460764,8.95754716981132,0.015591366571644656,0.3131510416666667
NSC,Norfolk Southern Corp.,Industrials,20.65,18.73,0.15029615004935834,2.2588999295829746,0.045370450848678245,0.9308510638297872
NOC,Northrop Grumman Corp.,Industrials,24.4,11.47,0.05232883685416136,2.1459276782696857,0.04553760285274477,0.3820968012058282
NCLH,Norwegian Cruise Line,Consumer Discretionary,15.35,2.78,0.019436196158000938,63.802315105699,0.008734560461514962,0.11305179706695198
NRG,NRG Energy,Utilities,17.78,-2.23,-0.007008291989036533,7.960082587749484,-0.00732096259785445,0.4297894736842105
NUE,Nucor Corp.,Materials,17.01,4.1,0.13034700821446965,0.6311530491388179,0.13343616676385325,2.1948129821924387
NVDA,Nvidia Corporation,Information Technology,82.08,2.57,0.4884934834706674,0.529340592861464,0.5567299597792535,3.384723920609538
ORLY,O'Reilly Automotive,Consumer Discretionary,21.91,10.73,0.14840272573479424,-8.976295336340712,0.1770939437924055,0.08538713723280993
OXY,Occidental Petroleum,Energy,195.63,-0.75,0.1661889089429168,1.4432727272727273,0.06405805602351705,0.505137735024049
OMC,Omnicom Group,Consumer Discretionary,15.27,4.79,0.08870693293039844,6.47205707491082,0.04735217659059242,0.805847593253724
OKE,ONEOK,Energy,34.0,1.66,0.15042145160377893,1.685391895171075,0.0774710466894894,0.5918308227114716
ORCL,Oracle Corp.,Information Technology,18.81,2.2,0.17021659927132962,123.79123951537744,0.06978796048932825,0.7406669553919446
PCAR,PACCAR Inc.,Industrials,15.72,4.75,0.13097468073355842,1.5709373504295034,0.12417998107934126,2.2457834146341464
PKG,Packaging Corporation of America,Materials,18.57,7.07,0.09807238798318466,1.171740925124459,0.09172365432217154,1.7181796634273525
PH,Parker-Hannifin,Industrials,21.6,7.24,0.10925333358789845,1.9004944180667012,0.07451243252022079,0.428016888655617
PDCO,Patterson Companies,Health Care,14.05,1.79,0.032072615329652256,1.5754414850541594,0.07385350350200755,0.5869660159287665
PAYX,Paychex Inc.,Information Technology,27.49,2.26,0.3110183539374089,2.019122867285011,0.15432869544535616,0.4252420160540187
PYPL,PayPal,Information Technology,49.53,1.47,0.14262201471230393,2.90318749703102,0.05281422974065551,1.1154417529814715
PNR,Pentair Ltd.,Industrials,18.89,3.63,0.1517115361188939,1.0401293090050046,0.09572047837181419,0.7708508845829823
PEP,PepsiCo Inc.,Consumer Staples,21.51,4.36,0.09920083961036831,4.424039344971086,0.0941862758327192,0.5901981230448383
PFE,Pfizer Inc.,Health Care,12.69,3.51,0.03622469912472648,1.5414766216550206,0.010002218519445086,0.4993723061472151
PCG,PG&E Corp.,Utilities,8.75,2.78,0.09235303749795316,4.00982428115016,0.018465920717682594,0.15496130299179856
PM,Philip Morris International,Consumer Staples,22.36,4.48,0.2221242963552624,-6.65924276169265,0.12305390400440996,0.24716673615585794
PSX,Phillips 66,Energy,21.11,9.93,0.04759191039287919,1.4338357911257888,0.09233725805071638,0.9493567103935419
PNW,Pinnacle West Capital,Utilities,16.06,3.95,0.10680535801708309,2.974634263048298,0.021169639273621588,0.17957240857536322
PXD,Pioneer Natural Resources,Energy,118.29,-3.39,0.25260658614638176,0.5801217038539553,0.13528119082830015,0.6620712844653666
RL,Polo Ralph Lauren Corp.,Consumer Discretionary,17.74,-1.19,0.08111925010863492,1.79345813618597,0.07202601590166871,1.3481084700368262
PPG,PPG Industries,Materials,18.73,6.31,0.0696042968321824,1.7395301327885597,0.05991837890118185,0.8844479620102889
PPL,PPL Corp.,Utilities,12.83,2.79,0.08902791145332051,1.8160482308189192,0.019202574182917494,0.3835329341317365
PX,Praxair Inc.,Materials,24.63,4.32,-0.02950764062978315,1.060486684008102,-0.008591729632132322,0.37838298250551794
PG,Procter & Gamble,Consumer Staples,20.46,5.6,0.17868204765504964,1.5769288325459092,0.12311531400580582,0.3836279225864191
PLD,Prologis,Real Estate,20.76,3.06,0.38128320804878785,0.6618273600908462,0.03381873699799768,0.26265390632358593
PEG,Public Serv. Enterprise Inc.,Utilities,16.11,1.75,0.22808578802171398,2.2784777411643082,0.051538825043485254,0.3037373937116868
PSA,Public Storage,Real Estate,18.21,6.81,0.4755366127379258,0.9689501175351122,0.11500211059383206,0.6177067177746651
PHM,Pulte Homes Inc.,Consumer Discretionary,12.86,1.44,0.1620246777745001,0.549325996650184,0.1685279532981377,1.5086774275158055
PVH,PVH Corp.,Consumer Discretionary,20.98,6.77,0.07199192857220348,1.1826759655394714,0.05785224835666835,0.5415478982500451
QRVO,Qorvo,Information Technology,19.71,-0.13,0.028898982713896654,0.7146441754291926,0.01452745322064154,2.003148824229033
QCOM,QUALCOMM Inc.,Information Technology,16.51,1.65,0.20189838079285316,1.3650433251471201,0.1445619365542607,1.3758828417116742
PWR,Quanta Services Inc.,Industrials,17.54,1.28,0.03566141431609285,1.5869718653986669,0.05014477016393953,1.0936025593905834
DGX,Quest Diagnostics,Health Care,17.07,5.5,0.09230436662343278,1.2056445219597274,0.06359134740682826,1.0446280991735537
RRC,Range Resources Corp.,Energy,35.61,-2.79,0.3411875936056749,0.9131024915078829,0.12598363477585184,0.8345990128385864
O,Realty Income Corporation,Real Estate,15.54,1.12,0.2138540075945215,0.7489766014367241,0.01623618648282274,0.49899641034890013
REG,Regency Centers Corporation,Real Estate,15.27,1.43,0.27566455394694456,0.7443780734163201,0.03130973658285887,0.5060104345373787
REGN,Regeneron,Health Care,27.93,7.74,0.3014057878205715,0.27363310502019395,0.12693214671553119,4.823304317345329
RSG,Republic Services Inc,Industrials,26.13,1.77,0.11567376123492265,1.9793214004534114,0.057258157881679705,0.4513397819454627
RMD,ResMed,Health Care,31.54,2.41,0.21254025284910488,0.6348345227478709,0.15151743046522403,1.2297421470127206
RHI,Robert Half International,Industrials,20.18,2.32,0.06431676286508116,0.8955438690818339,0.13761571220882313,1.2894484787197265
ROK,Rockwell Automation Inc.,Industrials,26.48,6.35,0.14109074850960476,2.1228099730458223,0.11585164100495406,0.9625293435949247
ROP,Roper Technologies,Industrials,27.57,9.38,0.22406034510667228,0.6146645418692103,0.0501991901835596,0.35238930885529157
ROST,Ross Stores,Consumer Discretionary,26.52,2.83,0.09199221806648997,1.9355680568288798,0.13526348063533974,1.195283286619797
RCL,Royal Caribbean Cruises Ltd,Consumer Discretionary,16.26,7.53,0.1220863309352518,6.399661303979678,0.04925479269159882,0.09594723965535581
SPGI,"S&P Global, Inc.",Financials,27.38,7.95,0.21013043130351283,0.6575730994152047,0.04291796392995187,0.6762448979591836
CRM,Salesforce.com,Information Technology,520.15,0.27,0.11865622400091803,0.6735908526975825,0.041636466135137315,0.9615861214374225
SBAC,SBA Communications,Real Estate,199.81,0.62,0.1850623104428998,-2.9616371056233732,0.0483360160882457,0.2877949091111814
SLB,Schlumberger Ltd.,Energy,44.93,-1.08,0.12684472612041647,1.3174500965872504,0.0922803319720722,0.8810003732736096
STX,Seagate Technology,Information Technology,11.51,2.58,-0.07164138678223185,-7.301918265221017,-0.06412121212121212,0.5435956790123457
SEE,Sealed Air,Materials,21.31,2.46,0.06223469183260762,12.103912647861693,0.050926926718001087,0.5226640159045726
SRE,Sempra Energy,Utilities,19.14,5.45,0.18391148325358853,1.865377243422199,0.03710295315375102,0.23657086223984142
SHW,Sherwin-Williams,Materials,26.75,18.61,0.10362703291268832,5.177512245007804,0.10489062184401647,0.4141755571986902
SIG,Signet Jewelers,Consumer Discretionary,6.65,7.03,0.11300916177434424,1.4143160878809355,0.12065269175797999,0.7024797570850202
SPG,Simon Property Group Inc,Real Estate,13.56,6.25,0.4034621254265011,10.12159351125467,0.06785448657978156,0.8666396412975418
SWKS,Skyworks Solutions,Information Technology,16.45,5.41,0.20593412119688206,0.3853551876633732,0.11361521343313777,1.6728052736214294
SLG,SL Green Realty,Real Estate,14.07,0.88,-0.6099353186459598,1.3920405460190184,-0.05092563042631519,0.6013969885670983
SNA,Snap-On Inc.,Consumer Discretionary,15.81,9.2,0.19793277607031692,0.48340662157632164,0.13929203661737052,1.9039932030586235
SO,Southern Co.,Utilities,15.78,2.53,0.15744664000316794,3.3108383157359116,0.028998402753973057,0.20628202272220986
LUV,Southwest Airlines,Industrials,15.89,5.82,0.017822237553179257,2.469995244888255,0.01294255177020708,0.9609986945169713
SWK,Stanley Black & Decker,Consumer Discretionary,20.57,8.05,-0.019675434538783735,1.6130232660858428,-0.012770656691433378,0.299343894479195
SBUX,Starbucks Corp.,Consumer Discretionary,25.98,1.97,0.11464714973482026,-4.6822059338570075,0.14365098852568356,0.5496987790654125
SRCL,Stericycle Inc,Industrials,16.26,2.08,-0.008047230474184935,1.1217839444995044,-0.004004978150411259,0.8206128133704735
SYK,Stryker Corp.,Health Care,23.46,2.68,0.15440530783491072,1.1466143172161567,0.08242616802958487,0.8607499053149855
SNPS,Synopsys Inc.,Information Technology,67.72,0.87,0.21050285839278585,0.6749019245497379,0.12453793988806158,0.8441689379594574
SYY,Sysco Corp.,Consumer Staples,22.98,2.08,0.023192028004049806,10.345057955155326,0.07883539683147997,0.6834748308428858
TROW,T. Rowe Price Group,Financials,19.92,4.75,0.27686711554833215,0.20910879422625747,0.14954372734835153,6.042673954172798
TGT,Target Corp.,Consumer Discretionary,14.19,4.71,0.03852455963951886,3.121203097081596,0.0761424588972408,0.2432656444260257
TEL,TE Connectivity Ltd.,Information Technology,19.72,4.71,0.11912186603467631,0.8706605488702277,0.08989504400621263,1.0369706475464935
FTI,TechnipFMC,Energy,18.77,0.0,0.007182842974361596,2.067300028692575,0.005884539471962054,0.4699906010831133
TXN,Texas Instruments,Information Technology,24.05,3.6,0.37159655231462985,0.9144226785819968,0.21862144236420117,3.1210843373493975
TXT,Textron Inc.,Industrials,22.13,1.14,0.06730980048235036,1.4124803205953915,0.055567287097650006,0.8300593878483326
CLX,The Clorox Company,Consumer Staples,23.44,5.33,0.020165110299093247,25.259090909090908,0.024621994546806577,0.550339071465832
COO,The Cooper Companies,Health Care,22.96,7.52,0.08187687854836914,0.5440350691317476,0.02541552921662808,0.7538699690402477
HSY,The Hershey Company,Consumer Staples,20.51,3.66,0.16675220188245546,1.9038036772099927,0.16294472885481343,0.40737220910319005
MOS,The Mosaic Company,Materials,23.66,0.85,0.08505340936470966,0.8624757937218271,0.050190870940222496,0.38317370988976945
DIS,The Walt Disney Company,Consumer Discretionary,17.78,5.7,0.02647978582195325,0.9324113339444181,0.011505095183402165,0.7823308391406275
TMO,Thermo Fisher Scientific,Health Care,21.84,5.6,0.13988379961266537,1.110174387504012,0.06121094547682254,1.1631458749643162
TJX,TJX Companies Inc.,Consumer Discretionary,21.01,3.46,0.07004966356936879,3.454588309239472,0.1231473332159831,0.5861232411450752
TSCO,Tractor Supply Company,Consumer Discretionary,19.57,3.3,0.07606799269099389,3.2740317300240678,0.1252649811990978,0.1823867911268386
TDG,TransDigm Group,Industrials,23.76,7.92,0.19711465451784357,-11.0625,0.06817764004517163,2.9778340721975933
TRIP,TripAdvisor,Consumer Discretionary,58.04,0.81,0.005592841163310962,1.912743972445465,0.0039169604386995694,2.174825174825175
FOXA,Twenty-First Century Fox Class A,Consumer Discretionary,17.81,1.59,0.08308187487427077,1.0799768741568703,0.05625297950103289,1.7137921870847728
FOX,Twenty-First Century Fox Class B,Consumer Discretionary,17.57,1.59,0.08308187487427077,1.0799768741568703,0.05625297950103289,1.7137921870847728
TSN,Tyson Foods,Consumer Staples,13.92,4.79,-0.012253928632211947,0.9924447140572437,-0.0177359316838187,0.46914909986151715
UDR,UDR Inc,Real Estate,17.79,1.08,0.273027789230237,1.6087620491768777,0.03965364181013927,0.003442004231238603
UAA,Under Armour Class A,Consumer Discretionary,32.05,0.45,0.06551369359493031,1.430482240068695,0.08308754698619697,1.084663395954428
UA,Under Armour Class C,Consumer Discretionary,29.15,0.45,0.06551369359493031,1.430482240068695,0.08308754698619697,1.084663395954428
UNP,Union Pacific,Industrials,22.06,13.52,0.2644802852522907,3.5396267243711117,0.09622796629984688,0.6157461809635723
UAL,United Continental Holdings,Industrials,8.85,7.05,0.048736898933298585,6.625911625911626,0.03781542950412387,0.7335044813763906
UNH,United Health Group Inc.,Health Care,21.47,10.71,0.06022517504345814,1.9694555861012213,0.0861760600664196,0.5139015082682173
UPS,United Parcel Service,Industrials,18.27,5.62,0.07374832340200972,3.0938980700335144,0.09449151647051365,0.9780493324281512
URI,"United Rentals, Inc.",Industrials,16.33,15.72,0.1691320122802121,2.147478474784748,0.09740416298320341,0.7129502337091009
UHS,"Universal Health Services, Inc.",Health Care,15.36,7.14,0.050258801723234936,1.2629199442315915,0.05227590772487882,1.171037084019794
VFC,V.F. Corp.,Consumer Discretionary,25.9,2.55,0.010211776559260623,3.806550147678593,0.00867708037289845,0.6839656085596173
VLO,Valero Energy,Energy,18.74,9.24,0.061029523506900794,1.3107113034236697,0.14245634402360566,0.97976431377217
VTR,Ventas Inc,Real Estate,12.21,1.86,-0.0091095099922696,1.6000142494913079,-0.001676360746139073,0.5945369408628162
VRSN,Verisign Inc.,Information Technology,29.5,3.43,0.5475855602437881,-2.106261859582543,0.46956122214564666,0.7847707193941944
VRSK,Verisk Analytics,Industrials,28.84,3.45,0.22913403445961064,13.04483870967742,0.10848223744614732,0.80347420274825
VZ,Verizon Communications,Telecommunication Services,13.08,7.36,0.0866884619403765,3.0991669371416206,0.030565772072611474,0.5101178062116003
VRTX,Vertex Pharmaceuticals Inc,Health Care,252.67,1.04,0.36675718396627893,0.29292848854406045,0.1770793838717647,3.6031177763996167
V,Visa Inc.,Information Technology,32.72,2.8,0.5289866168499066,1.3364831022642192,0.1962840909090909,0.9706035154558836
VNO,Vornado Realty Trust,Real Estate,16.22,4.33,0.05824655207731165,1.7868608896175466,0.0064559756972238334,1.7365314566365788
VMC,Vulcan Materials,Materials,40.9,3.1,0.11991929991390278,0.9404548734532432,0.06484991469859591,2.2828485456369108
WMT,Wal-Mart Stores,Consumer Staples,23.1,4.39,0.023932111861137896,1.9297170317549277,0.06259533975254038,0.20194773575718228
WBA,Walgreens Boots Alliance,Consumer Staples,13.38,3.78,-0.022145368526254487,3.403326507167474,-0.032984921178889653,0.24943957611575301
WM,Waste Management Inc.,Industrials,25.36,2.66,0.11279741505923822,3.7559032304795017,0.0717868826920081,0.7314245149077141
WAT,Waters Corporation,Health Care,26.64,0.19,0.21723397519158333,3.0221586468707975,0.16242009825870443,1.3907925732668
WEC,Wec Energy Group Inc,Utilities,19.57,3.79,0.1498819296075565,2.7111258571112584,0.031065657636828503,0.302279659028701
WDC,Western Digital,Information Technology,10.19,1.29,-0.13849650917356715,1.0838522562484005,-0.06731376262626262,0.66635995583364
WU,Western Union Co,Information Technology,10.17,0.51,0.14367684186366766,16.116492693110647,0.07499206353960144,0.9505140402025472
WRK,WestRock Company,Materials,23.26,2.77,-0.08119153126538652,1.720713839316714,-0.059051875407346924,0.6068422978412001
WY,Weyerhaeuser Corp.,Real Estate,34.29,0.77,0.10933020589001824,0.6591441969519344,0.048888500422457244,1.9263959390862944
WHR,Whirlpool Corp.,Consumer Discretionary,11.77,4.51,0.024723721408378307,6.255292125317528,0.027935881054710187,0.44602763385146804
WMB,Williams Cos.,Energy,48.41,-0.57,0.29146419730448336,3.0427350427350426,0.06291312091826638,0.5903945111492281
WYNN,Wynn Resorts Ltd,Consumer Discretionary,31.7,7.27,0.11175834524028777,-60.05663492215035,0.053262223060156565,1.8478414000019996
XEL,Xcel Energy Inc,Utilities,18.14,2.21,0.12466563423905393,2.637545413260672,0.028275603311327006,0.25548478414720455
XRX,Xerox Corp.,Information Technology,8.87,0.59,0.00014522218995062446,2.629360465116279,9.280311818477101e-05,0.46779417056495143
XYL,Xylem Inc.,Industrials,30.94,1.83,0.08269961977186312,0.5839071414518985,0.05061502659574468,1.1954648526077098
YUM,Yum! Brands Inc,Consumer Discretionary,27.25,4.07,0.22569248162803843,-1.7929498600152711,0.2644696530595346,0.9780736100234926
ZBH,Zimmer Biomet Holdings,Health Care,14.32,9.01,0.13848692218225095,0.7218300548856216,0.048117022101407565,0.6503114719675229
ZTS,Zoetis,Health Care,32.8,1.65,0.2743445692883895,1.860116069641785,0.16048748759029133,1.7697194282689253
